source,target,total_value,min_gas_price,transaction_count
0x8f30d84375b495e05aace487ececbfeb5f89f925,0x00000000006c3852cbef3e08e8df289169ede581,3.67512E+18,4258879417,256
0x6cc5f688a315f3dc28a7781717a9a798a59fda7b,0x656c00e1bcd96f256f224ad9112ff426ef053733,0,30000000000,256
0xf4d22c1e2a89762245e8f067f263c77293939702,0x68b3465833fb72a70ecdf485e0e4c7bd8665fc45,3.68121E+19,4545557455,256
0x446ca44903354eef783633c7598652d67fe07c92,0x68b3465833fb72a70ecdf485e0e4c7bd8665fc45,4.82714E+18,5354024170,256
0x5df5ddf036b051a7a171d0684ca076e41fd0cc8f,0x68b3465833fb72a70ecdf485e0e4c7bd8665fc45,5.20375E+18,4591820412,256
0x71e006b29f713f0f7b52a323bf3672a362d0dace,0x7a250d5630b4cf539739df2c5dacb4c659f2488d,1.52137E+19,2968647971,256
0xb81fa650a882ec3f465e0e4a8dcf161b39343fbf,0x7a250d5630b4cf539739df2c5dacb4c659f2488d,3.9E+19,5135348679,256
0xbf2499e4cda11eb33eea341ae425d85b6e93f028,0x7a250d5630b4cf539739df2c5dacb4c659f2488d,2.6431E+19,7110570195,256
0xd0e9f26f32c45c4e5dff1a63361f5d2f0cb9818d,0x7a250d5630b4cf539739df2c5dacb4c659f2488d,1.247E+19,4184392433,256
0x05b5952da949f25368a5473d3d59b5ac73fad486,0x7a250d5630b4cf539739df2c5dacb4c659f2488d,0,33300000000,256
0x25a364b77ecfa3c110b4f75213a8562a44106454,0x7a250d5630b4cf539739df2c5dacb4c659f2488d,1.1051E+19,9732502804,256
0xfbb1b73c4f0bda4f67dca266ce6ef42f520fbb98,0x7d1afa7b718fb893db30a3abc0cfc608aacfebb0,0,30000000000,256
0xddd168c3207dbf5d98bff6d39deb9b73b5fbd02a,0x95aa5d2dbd3c16ee3fdea82d5c6ec3e38ce3314f,0,5634620351,256
0xdfd5293d8e347dfe59e90efd55b2956a1343963d,0x320623b8e4ff03373931769a31fc52a4e78b5d70,0,4861937803,512
0xf339b0cfceca9f1ba1e108991aa21bc2a9441931,0x68b3465833fb72a70ecdf485e0e4c7bd8665fc45,1.63265E+19,3548711994,512
0xa8ba65adf02fc8eb174c8ed42287d0451d4015ea,0x7a250d5630b4cf539739df2c5dacb4c659f2488d,3.79171E+19,16325274800,512
0x7639eeff57391e613f4287d5b174f9cff4d0ee2f,0x7a250d5630b4cf539739df2c5dacb4c659f2488d,9.28555E+18,6829008465,512
0xdfd5293d8e347dfe59e90efd55b2956a1343963d,0x0f5d2fb29fb7d3cfee444a200298f468908cc942,0,6859783038,768
0xacc69f5119c490bb2c8ca4dc6d2ab55a112eb9e8,0x00000000006c3852cbef3e08e8df289169ede581,9.13962E+18,4818800986,257
0x1e92c7b70bb5f0298f7ceb32a7b9c72a4dcb69fb,0x00000000006c3852cbef3e08e8df289169ede581,2.96937E+19,4659456606,257
0x37ee385451267fad11d007d6028d78da61af4c29,0x00000000006c3852cbef3e08e8df289169ede581,8.82446E+18,4128218009,257
0x83bbed4de7691ef006d94f6c9341699ca14621cb,0x25553828f22bdd19a20e4f12f052903cb474a335,1.67773E+19,3928497632,257
0x2faf487a4414fe77e2327f0bf4ae2a264a776ad2,0x42bbfa2e77757c645eeaad1655e0911a7553efbc,0,6287042538,257
0xdfd5293d8e347dfe59e90efd55b2956a1343963d,0x430ef9263e76dae63c84292c3409d61c598e9682,0,5131574997,257
0x974caa59e49682cda0ad2bbe82983419a2ecc400,0x4fabb145d64652a948d72533023f6e7a623c7c53,0,2926794660,257
0x8c3d9019aabc8f868710a080bb88feca1eb40346,0x68b3465833fb72a70ecdf485e0e4c7bd8665fc45,5.38423E+19,5000000000,257
0x0f641363276cf03500d4a7d05a8e32a8738b53e8,0x68b3465833fb72a70ecdf485e0e4c7bd8665fc45,5.867E+18,4387437546,257
0xca930f1db39555596df9dbaf38f1b2897acf89a0,0x68b3465833fb72a70ecdf485e0e4c7bd8665fc45,1.13762E+19,5369380882,257
0xcf13c4af053450e8756658c7a966c20ed2ff40f2,0x68b3465833fb72a70ecdf485e0e4c7bd8665fc45,1.32985E+19,4409379036,257
0xe4361677422b7d7f94df54bf9989e7b1d8168bb9,0x68b3465833fb72a70ecdf485e0e4c7bd8665fc45,2.62657E+19,4000000000,257
0x9883e12cae29b6b307350e290a21e81e2f75d35a,0x7a250d5630b4cf539739df2c5dacb4c659f2488d,1.3797E+19,18018996751,257
0xf45b0aa0569612810fbf810c9230512c2cf312b1,0x7a250d5630b4cf539739df2c5dacb4c659f2488d,3.01996E+18,7694836041,257
0x3249614ad399bbfcc4ac9ef19a6d408abe5aae36,0x7a250d5630b4cf539739df2c5dacb4c659f2488d,5.1E+16,6000000000,257
0x9b228b4f71b3bc7e4b478251f218060d7b70dc25,0x7a250d5630b4cf539739df2c5dacb4c659f2488d,1.57934E+19,5381094652,257
0x9ead60c59d3a68ec8ed7b50fac68de4c385e4187,0x7a250d5630b4cf539739df2c5dacb4c659f2488d,4.127E+19,5316398389,257
0x27f00abfd4ef49c1f9aba816015b059812926285,0x7a250d5630b4cf539739df2c5dacb4c659f2488d,6.97087E+18,5788303997,257
0xd3e5b815843c31f621f2253c836b34f84debfe29,0xdac17f958d2ee523a2206206994597c13d831ec7,0,4077253168,257
0xdfd5293d8e347dfe59e90efd55b2956a1343963d,0x50d1c9771902476076ecfc8b2a83ad6b9355a4c9,0,7357301738,513
0x9acbb72cf67103a30333a32cd203459c6a9c3311,0xfe3e6a25e6b192a42a44ecddcd13796471735acf,0,6000000000,513
0x66d737528b329bb1d26b95ccf8b25cb1f4f73680,0x1111111254fb6c44bac0bed2854e76f90643097d,6.4828E+20,3458067246,769
0x50be13b54f3eebbe415d20250598d81280e56772,0xdac17f958d2ee523a2206206994597c13d831ec7,0,4903053451,769
0x432b2ed2621daa47f9068535616b9949aa86acd2,0x00000000006c3852cbef3e08e8df289169ede581,1.42026E+19,11186853879,258
0x81269781e647eb0843dc3a8febc55a38ce69b4eb,0x00000000006c3852cbef3e08e8df289169ede581,4.50973E+19,4038269169,258
0x6eef09b526d883f98762a7005fabd2c800dfca44,0x00000000006c3852cbef3e08e8df289169ede581,2.12755E+19,4700068614,258
0xe39c2dd61a60dce0f7e0837a30a947014136a634,0x68b3465833fb72a70ecdf485e0e4c7bd8665fc45,1.3206E+19,11887566739,258
0xe3bf44d48fb30b8bf6535919891fa89a342ef7a8,0x68b3465833fb72a70ecdf485e0e4c7bd8665fc45,1.30755E+19,4377361879,258
0x3fd29efc91bbf692d4cdf5ce423fb6b7ee669a6e,0x68b3465833fb72a70ecdf485e0e4c7bd8665fc45,0,4220288927,258
0xeba89a456d397c63f162e2ea43b510c003fdb68b,0x7a250d5630b4cf539739df2c5dacb4c659f2488d,5.70457E+18,8303031811,258
0xac8b0223cdc034815d41532125d2f46d3de7da20,0x7a250d5630b4cf539739df2c5dacb4c659f2488d,9.94848E+18,11090656146,258
0x3ccd815ad0603e301cf954f41e06a2f088c80f6f,0x7a250d5630b4cf539739df2c5dacb4c659f2488d,7.0842E+19,9611356127,258
0x51d066a51b8cbfb07f9833778b5577b83d93ee3f,0x7a250d5630b4cf539739df2c5dacb4c659f2488d,3.772E+19,5000000000,258
0x0d0707963952f2fba59dd06f2b425ace40b492fe,0x7db5af2b9624e1b3b4bb69d6debd9ad1016a58ac,0,5210965351,258
0x58f56615180a8eea4c462235d9e215f72484b4a3,0xa0b86991c6218b36c1d19d4a2e9eb0ce3606eb48,0,3411820938,258
0x7a9a6148313359197977455b9d52219619219e4e,0xdac17f958d2ee523a2206206994597c13d831ec7,200000000,4000000000,258
0x1ba96ce4c465d8cd7dcc4e4cad1592d0470cdb6b,0x68b3465833fb72a70ecdf485e0e4c7bd8665fc45,3.77558E+19,5388873491,514
0xd8524b153df3f22d94ebdf5877e49dcde35bd51f,0x68b3465833fb72a70ecdf485e0e4c7bd8665fc45,7.36508E+19,3703560576,514
0x11be5e7b6d31266390b8f38de7c53ece720a7b9b,0x68b3465833fb72a70ecdf485e0e4c7bd8665fc45,4.06864E+19,4452972914,514
0x3f4dd0a26c39adbadf35e8b92a9dee23cb972044,0x68b3465833fb72a70ecdf485e0e4c7bd8665fc45,1.0359E+20,8484320369,770
0x889e5e36fedda62180c49d82b97a6dc7c78e28a2,0x7a250d5630b4cf539739df2c5dacb4c659f2488d,8.22788E+19,4239450205,770
0x21a31ee1afc51d94c2efccaa2092ad1028285549,0x3845badade8e6dff049820680d1f14bd3903a5d0,0,4535736131,1282
0x28c6c06298d514db089934071355e5743bf21d60,0x3506424f91fd33084466f402d5d97f05f8e3b4af,0,4855827421,2050
0x0fa72fb6c3cbeeadcc76a98612d597522addf3bc,0x7a250d5630b4cf539739df2c5dacb4c659f2488d,1.32145E+20,5415989629,2050
0xb07952a55bf9c45c268f37c3631823df50ac721a,0x00000000006c3852cbef3e08e8df289169ede581,8.738E+18,5000000000,259
0x948a4dbdaccb4d10b9395b4c863d34e335e3eb21,0x2b2e8cda09bba9660dca5cb6233787738ad68329,1.87E+19,3000000000,259
0x544f1289992fb5462072c1c1e788548fd623be62,0x68b3465833fb72a70ecdf485e0e4c7bd8665fc45,5.8607E+19,8983082384,259
0x0b9b2e8c82f9a7e45dbede2971d567af8dbd0f21,0x68b3465833fb72a70ecdf485e0e4c7bd8665fc45,3.78981E+19,4264307522,259
0x7ae95d7c9ba30337a3d5f579ef29e43abfddd9aa,0x7a250d5630b4cf539739df2c5dacb4c659f2488d,7.50268E+18,12073133532,259
0xf008d3edb655c3a9ef08e4c7b73ff61530a820c4,0x7a250d5630b4cf539739df2c5dacb4c659f2488d,3.089E+19,6613462010,259
0x0d0707963952f2fba59dd06f2b425ace40b492fe,0xcf0c122c6b73ff809c693db761e7baebe62b6a2e,0,4367451352,259
0x7b3b02df19c654ab2c0619bc5d1bda7b21e9c63e,0xdac17f958d2ee523a2206206994597c13d831ec7,2000000000,6000000000,259
0x21a31ee1afc51d94c2efccaa2092ad1028285549,0x320623b8e4ff03373931769a31fc52a4e78b5d70,0,4851413947,515
0x498ca49c4a505b9b1a173d3178775620790ee002,0x7a250d5630b4cf539739df2c5dacb4c659f2488d,3.81601E+19,16136757685,515
0x2faf487a4414fe77e2327f0bf4ae2a264a776ad2,0xf57e7e7c23978c3caec3c3548e3d615c346e79ff,0,6158164140,515
0x47584f11a998c19dda33d8ca4002fbe892ac899b,0x68b3465833fb72a70ecdf485e0e4c7bd8665fc45,5.73769E+19,4962588639,260
0x16404a21b4e360442b9d6339ccfebdf6668ca6fa,0x68b3465833fb72a70ecdf485e0e4c7bd8665fc45,3.17619E+19,7376937568,260
0xf129f20bd4f4374aa12d7c488addfd2009125aae,0x68b3465833fb72a70ecdf485e0e4c7bd8665fc45,1.05337E+19,5441671723,260
0x75f636a27ec7ac166e91c863940c9719d71ba526,0x68b3465833fb72a70ecdf485e0e4c7bd8665fc45,1.12095E+19,4255763608,260
0x08fff6291f3b651c95aad64c69ec8082ea7bc2fb,0x68b3465833fb72a70ecdf485e0e4c7bd8665fc45,2.442E+19,6922222222,260
0x43f0baf4d39468c654d07ee46a10b9c0285f1bfe,0x7a250d5630b4cf539739df2c5dacb4c659f2488d,2.987E+18,4606670559,260
0x90eb678c3586103805a676d21721cc6883a6c3ae,0xdac17f958d2ee523a2206206994597c13d831ec7,0,4266695101,260
0x55aaf77e8e98700499e2c0d9693bf21c9a734cf0,0x68b3465833fb72a70ecdf485e0e4c7bd8665fc45,3.11584E+19,4396283988,516
0x9925e3781c5b8ddbd64c883794b4d17638177a27,0x68b3465833fb72a70ecdf485e0e4c7bd8665fc45,1.21871E+20,4539879562,516
0x9ea8a4e4db393141d9c5bcfcf82114eb56128fcb,0x7a250d5630b4cf539739df2c5dacb4c659f2488d,4.35386E+19,12056600432,516
0x5f13db1da20f1c134c5bc12d8d22e55aa4275882,0x1111111254fb6c44bac0bed2854e76f90643097d,1.30609E+21,3774091376,1028
0x8c0bd42871560151705f3d0a2d6714e0bd8c4a06,0x68b3465833fb72a70ecdf485e0e4c7bd8665fc45,1.27504E+20,3071056976,1028
0x9a8e646a2c545801444899c9ad598473c7571664,0x00000000006c3852cbef3e08e8df289169ede581,9.71961E+18,4829233964,261
0xfc6ff36aa0e00a0e061bbe75828523226340d0dd,0x00000000006c3852cbef3e08e8df289169ede581,4.12042E+19,4577107642,261
0xbadffcb79efe57e954fd79621b29b0c2dc170171,0x1111111254fb6c44bac0bed2854e76f90643097d,1.37337E+20,4598875446,261
0x8ff39a712a91471a6faf8740b2929126a669dd42,0x25553828f22bdd19a20e4f12f052903cb474a335,1.99814E+19,4000000000,261
0x0979e2694b17f4706e3ef5bb55318f9c8c110ffb,0x25553828f22bdd19a20e4f12f052903cb474a335,4.9411E+19,7484989707,261
0x92abc2165bb4e23da156035a228b7293497f0690,0x68b3465833fb72a70ecdf485e0e4c7bd8665fc45,3.32737E+19,4515654174,261
0x454d2df269d14075c342bb7102ab7ad5e056cd6c,0x68b3465833fb72a70ecdf485e0e4c7bd8665fc45,5.249E+18,4029432271,261
0x98af51346b01f0eb289571481698680024970ad4,0x68b3465833fb72a70ecdf485e0e4c7bd8665fc45,1.80585E+20,9115426638,261
0x0d0707963952f2fba59dd06f2b425ace40b492fe,0x6c5ba91642f10282b576d91922ae6448c9d52f4e,0,5369766940,261
0x5128291844be3523cf78188836493417885c21aa,0x7a250d5630b4cf539739df2c5dacb4c659f2488d,5.73957E+18,5822101593,261
0x53eaa0d7f5e43d47b0b0e30b283e923601eaa80b,0x9757f2d2b135150bbeb65308d4a91804107cd8d6,2.41235E+19,5422652345,261
0x0bc0f856a9406f8579ac2a99ec934243c8b9375b,0xd588b586d61c826a0e87919b3d1a239206d58bf2,100000,2669039153,261
0xb6683ad5656241b200421a0aca57c6e5c1a2b3ff,0x5564886ca2c518d1964e5fcea4f423b41db9f561,0,4038269169,517
0xf39c697cfd61bf98cf702d845304d182a9741622,0x68b3465833fb72a70ecdf485e0e4c7bd8665fc45,3.14392E+19,3603241705,517
0x9db40fe0851614151734e40594ea0555383b26a2,0x7a250d5630b4cf539739df2c5dacb4c659f2488d,3.6801E+19,16305119241,517
0x39f6a6c85d39d5abad8a398310c52e7c374f2ba3,0xa0b86991c6218b36c1d19d4a2e9eb0ce3606eb48,0,4000000000,517
0xcfc387b2d9bb52200d942752f44a41d658ee82de,0x1111111254fb6c44bac0bed2854e76f90643097d,8.17E+20,7637075772,773
0x6cc5f688a315f3dc28a7781717a9a798a59fda7b,0x15d4c048f83bd7e37d49ea4c83a07267ec4203da,0,30000000000,262
0xe64e45110c2424a2abdccad505c2d917dd5a89ae,0x68b3465833fb72a70ecdf485e0e4c7bd8665fc45,2.46046E+19,7234934401,262
0xa61a8606273c098a47d46ae06b882d663fbf8e8f,0x68b3465833fb72a70ecdf485e0e4c7bd8665fc45,2.65327E+19,7310610035,262
0x6e866c11083cad42c937ae6c606957b989124127,0x68b3465833fb72a70ecdf485e0e4c7bd8665fc45,1.46499E+19,4824884487,262
0x4824a3d8fa6d24bbd23054795221c8502ef04a1b,0x7a250d5630b4cf539739df2c5dacb4c659f2488d,9.5576E+18,9000000000,262
0x1f1bdb022437fca0454d0610b13fd01d806cf6ca,0x7a250d5630b4cf539739df2c5dacb4c659f2488d,1.01155E+19,5791167808,262
0x95ae37a5b0ccbf7c7a4110b99b20e4260bc635a9,0x7a250d5630b4cf539739df2c5dacb4c659f2488d,1.41922E+19,4000000000,262
0x0535b307c583c31d764c54e6a17bdfbc4b91db50,0x7a250d5630b4cf539739df2c5dacb4c659f2488d,7.27122E+19,5559081286,262
0x3f20aeeedb2a974bda0cdd3251d92b61a017e97e,0x7a250d5630b4cf539739df2c5dacb4c659f2488d,5.85657E+18,5822101593,262
0xb2f366ce67ff9f7b616291b6d85d073c30782ecb,0x7a250d5630b4cf539739df2c5dacb4c659f2488d,3.72853E+19,5825299602,262
0x8c8915c86134e0627daf7ae54fdd5dd6b607c5fa,0x7a250d5630b4cf539739df2c5dacb4c659f2488d,2.03567E+20,7001033408,262
0xf40872d9cecb04768a77b21902292a679a980eff,0xa342f5d851e866e18ff98f351f2c6637f4478db5,0,6420299247,262
0xcb018790c03bdfd33a82354dee4e320f1398d66f,0x1111111254fb6c44bac0bed2854e76f90643097d,0,3788745298,1542
0x8e533dbe7b12af95a398b687d9e1d5903be8c938,0x7a250d5630b4cf539739df2c5dacb4c659f2488d,9.087E+19,5701293556,1542
0xa7c1d0cc164a812a67bd00f6979fc8f95a56e4f7,0x00000000006c3852cbef3e08e8df289169ede581,1.3453E+19,4239965374,263
0x9acbb72cf67103a30333a32cd203459c6a9c3311,0x12bb890508c125661e03b09ec06e404bc9289040,0,6000000000,263
0xa33a5e755476259a54d0edb5ae7065308740bba3,0x68b3465833fb72a70ecdf485e0e4c7bd8665fc45,2.35075E+19,7270803401,263
0x7bf413e6f76f6b6aad19b42669db65d613bedab8,0x68b3465833fb72a70ecdf485e0e4c7bd8665fc45,7.29103E+19,5005003664,263
0x4e8cd216ddbf9f2125dee12cb1d02b124a98367a,0x68b3465833fb72a70ecdf485e0e4c7bd8665fc45,3.94949E+19,6438515393,263
0x68e88cbeb57a128e2ab76874aa1151894366654c,0x68b3465833fb72a70ecdf485e0e4c7bd8665fc45,1.90342E+19,6000000000,263
0x1a442e48e38c8e175b8671e2e670af2c676b7b58,0x7a250d5630b4cf539739df2c5dacb4c659f2488d,1.39629E+19,9703513827,263
0x200881d1be8b68519b086c3aa05a7704a49e6853,0x7a250d5630b4cf539739df2c5dacb4c659f2488d,1.2255E+19,11570300204,263
0x379d3c8ce5be390d2a69274fab1a0ebf22e97cf3,0x7a250d5630b4cf539739df2c5dacb4c659f2488d,5.79517E+18,5822101593,263
0x0178af82192597976951f09cd1075d9f2975806f,0x7a250d5630b4cf539739df2c5dacb4c659f2488d,7.11542E+19,3271393026,775
0xb9aba12bf7c44efaf80a788d7698fb74958fdb96,0x7a250d5630b4cf539739df2c5dacb4c659f2488d,1.10036E+20,5000000000,775
0x016606acc6b0cfe537acc221e3bf1bb44b4049ee,0xdac17f958d2ee523a2206206994597c13d831ec7,0,2672974486,775
0x690b9a9e9aa1c9db991c7721a92d351db4fac990,0xffee087852cb4898e6c3532e776e68bc68b1143b,1.12978E+20,2741231052,775
0xf1a9f5aeb0f975489ac2628a22040cf42e9fe8dd,0x00000000006c3852cbef3e08e8df289169ede581,5.9493E+19,7053828296,264
0xb13cabc948fce7fed894f6a827823d22f02ffc0b,0x00000000006c3852cbef3e08e8df289169ede581,2.92813E+19,4284440891,264
0x28c6c06298d514db089934071355e5743bf21d60,0x0d8775f648430679a709e98d2b0cb6250d2887ef,0,4861921489,264
0xf16e9b0d03470827a95cdfd0cb8a8a3b46969b91,0x6468e79a80c0eab0f9a2b574c8d5bc374af59414,0,4241148462,264
0xbd9e4b76c95e07a5c46c45936370106028f5908b,0x68b3465833fb72a70ecdf485e0e4c7bd8665fc45,1.87199E+19,7654343971,264
0xf94233eb72e8769a5ea4327108b5dd14cacfbbb4,0x68b3465833fb72a70ecdf485e0e4c7bd8665fc45,8.64579E+19,5903670322,264
0xfa5aa9071ca3635dbb20600d23d11b087ddbf4b5,0x68b3465833fb72a70ecdf485e0e4c7bd8665fc45,2.09355E+19,4415538395,264
0xa63aad0067a048349a4470762beb69393e9e4855,0x68b3465833fb72a70ecdf485e0e4c7bd8665fc45,5.2714E+19,5805255186,264
0x586a513bdfdc88c592034beb7421074b388dfe89,0x68b3465833fb72a70ecdf485e0e4c7bd8665fc45,6.695E+18,4473397688,264
0x46340b20830761efd32832a74d7169b29feb9758,0x6b175474e89094c44da98b954eedeac495271d0f,0,4531900016,264
0xb26d9424f0f435c8b10ed478af36da8ca7d5b095,0x6fbf1b6a681307f86c2d212f0f6ad72621309ef1,9.53414E+18,3310736648,264
0x22156af0efb85cc57d5d5b91118dcbc19f7c2153,0x7a250d5630b4cf539739df2c5dacb4c659f2488d,1.86961E+19,11220906913,264
0x1bed123fbf95a38c1b45364633fbf31f66aa09d3,0x7a250d5630b4cf539739df2c5dacb4c659f2488d,2.7718E+19,7372146552,264
0xdfd5293d8e347dfe59e90efd55b2956a1343963d,0xf57e7e7c23978c3caec3c3548e3d615c346e79ff,0,4829803953,520
0x750652124deafb69a4a93023d940696bd71a8d80,0x7a250d5630b4cf539739df2c5dacb4c659f2488d,4.33193E+19,4968489294,776
0xffec0067f5a79cff07527f63d83dd5462ccf8ba4,0xb62132e35a6c13ee1ee0f84dc5d40bad8d815206,0,24970000000,2568
0x299b77259970f64d5e19f600154e42adb03cb1e5,0x00000000006c3852cbef3e08e8df289169ede581,3.12616E+19,3705518373,265
0x38b8f8008cce8a43eb223d7971ddc0800b940886,0x00000000006c3852cbef3e08e8df289169ede581,6.56518E+18,4607632052,265
0xa152f8bb749c55e9943a3a0a3111d18ee2b3f94e,0x4123a133ae3c521fd134d7b13a2dec35b56c2463,0,4670012732,265
0x4675c7e5baafbffbca748158becba61ef3b0a263,0x503828976d22510aad0201ac7ec88293211d23da,9.07966E+19,4340064898,265
0x92616a84790e0685f8d160f4301fd507067132c9,0x68b3465833fb72a70ecdf485e0e4c7bd8665fc45,1.46715E+20,5839885091,265
0x9db8b9c4a1425f2de9e14e1c39cc921635214e65,0x68b3465833fb72a70ecdf485e0e4c7bd8665fc45,8.71179E+18,5992292032,265
0xd187fce256fb038a992068db619080e4eb720240,0x68b3465833fb72a70ecdf485e0e4c7bd8665fc45,1.71391E+19,6787071776,265
0x6b80f9126d013379ede9f497cf1e4b882241334b,0x68b3465833fb72a70ecdf485e0e4c7bd8665fc45,5.66953E+19,5467867451,265
0x7c3cfd327fd27b6ae137358367df49644608c516,0x68b3465833fb72a70ecdf485e0e4c7bd8665fc45,1.59988E+19,4000000000,265
0x3fc1d04d342e09268d1d5acfef55f001fd4a7c37,0x7a250d5630b4cf539739df2c5dacb4c659f2488d,4.02E+19,5135348679,265
0x77134cbc06cb00b66f4c7e623d5fdbf6777635ec,0xa0b86991c6218b36c1d19d4a2e9eb0ce3606eb48,0,5163619446,265
0xf16e9b0d03470827a95cdfd0cb8a8a3b46969b91,0xa2cd3d43c775978a96bdbf12d733d5a1ed94fb18,0,5738899991,265
0xdab1a1854214684ace522439684a145e62505233,0xf5bcda7b2f6aa508f31c650abd3a3ecbcdad9daa,1.9875E+19,5120713567,265
0x5a1c0d1a1f34523b6f04d681c52a636cae532501,0x00000000006c3852cbef3e08e8df289169ede581,2.5044E+19,4000000000,521
0x562680a4dc50ed2f14d75bf31f494cfe0b8d10a1,0xdac17f958d2ee523a2206206994597c13d831ec7,0,5000000000,521
0x7fba2afe3f8c1f870e58df2595349fccc2fc8cda,0x68b3465833fb72a70ecdf485e0e4c7bd8665fc45,7.573E+19,10029973703,777
0x7abe0ce388281d2acf297cb089caef3819b13448,0xa0b86991c6218b36c1d19d4a2e9eb0ce3606eb48,0,5806733512,6409
0x3f5d410ee253fc8110e87fee01cf02d729d4e848,0x000000000000509081d6fcd3ee63e791ad1db763,1.14629E+17,9850741172,10
0xc143063174a07e207841b2e51110c9156a694eb4,0x000000000000509081d6fcd3ee63e791ad1db763,1.05369E+17,4000000000,10
0xc56b9178dc9468cbcda87417a92d022e2e782034,0x000000000000509081d6fcd3ee63e791ad1db763,1.28813E+17,5739052122,10
0xeb5a70a06c90e4ff639e98ab60dc24d961959834,0x000000000000509081d6fcd3ee63e791ad1db763,1.13268E+16,10911405482,10
0x2e88e29234dd5599c675b4a05f1d815bf567d6e7,0x000000000000509081d6fcd3ee63e791ad1db763,1.41973E+16,4225706470,10
0xc950cc20b4a6afab770c2e4073d6f90f8981fa0f,0x000000000000509081d6fcd3ee63e791ad1db763,7.97163E+16,7267801965,10
0x3ce5230356a1b6bbed855751c8c2db35019e2878,0x000000000000ad05ccc4f10045630fb830b95127,1.68087E+18,10839506613,10
0xf9a791e4d122250ce521b56940517ed6722ede36,0x000000000000ad05ccc4f10045630fb830b95127,5.4115E+17,11168932874,10
0x2a5d7d9c4132f7b8e8fb0298bd92a50728a46299,0x000000000000ad05ccc4f10045630fb830b95127,5.84786E+17,11033784906,10
0x9e4a9b4334f3167bc7dd35f48f2238c73f532baf,0x000000000000ad05ccc4f10045630fb830b95127,2.13279E+18,12996457858,10
0x35146c49702c57d39cc7574815a3e77481c0e844,0x000000000000ad05ccc4f10045630fb830b95127,1.697E+17,9011479203,10
0x087c35c7bfde457304604c7c512d8616ef8d4a5b,0x000000000000ad05ccc4f10045630fb830b95127,6.028E+17,8492447961,10
0x85e37a42cda7054e06d450e147a45aef3df1758c,0x000000000000ad05ccc4f10045630fb830b95127,0,7267447990,10
0xf81d3a15ca9237490b1c2ddd0f085b93a26ed15f,0x000000000000ad05ccc4f10045630fb830b95127,3.77E+17,10338699451,10
0xc828f976c2cb7a9d2ff010a149d3723c9739eb6d,0x000000000000ad05ccc4f10045630fb830b95127,3.157E+17,8000000000,10
0xed94f92bb02a60cecea0d434c805a5000bbaa37d,0x000000000000ad05ccc4f10045630fb830b95127,6.892E+17,7942836991,10
0xa244312a1c313bd79f75dcfedcda850997fd356f,0x000000000000ad05ccc4f10045630fb830b95127,1.9758E+18,11422233046,10
0x6bea897b9d9e3c63cc315a2a7cb983f48f12f307,0x000000000000ad05ccc4f10045630fb830b95127,7.625E+17,11710892949,10
0x0bd8c2993520f8aa4075ffcdf3b7b460346faa2e,0x000000000000ad05ccc4f10045630fb830b95127,4.7397E+17,9072260157,10
0x81093ff97bec7e0a499579ea4492becf3bc35b28,0x000000000000ad05ccc4f10045630fb830b95127,1.759E+17,8682378202,10
0xde4b72239f6d6e2342cbc48ca8fb04e05a25f1c7,0x000000000000ad05ccc4f10045630fb830b95127,5.46E+17,7154357069,10
0x6f6ff053e3b2b9b5403bca233d8a7ce8484056f9,0x000000000000ad05ccc4f10045630fb830b95127,2.293E+19,11960483022,10
0xa45d937d74bebf79d0d4596704f70facf096ff30,0x000000000000ad05ccc4f10045630fb830b95127,2.58988E+17,12095320471,10
0x940b5c359d782413ea7c4b1bebcbc333f1de1d5b,0x000000000000ad05ccc4f10045630fb830b95127,7.65E+17,11819604018,10
0x43570cfac4ee5fc682abe2a2902fbe1ce22a2841,0x000000000000ad05ccc4f10045630fb830b95127,5.017E+17,7231271412,10
0xc4899b8aa371917e382e989078ce22469b822f18,0x000000000000ad05ccc4f10045630fb830b95127,2.54E+19,7945926185,10
0xa37b3775574c1574c190e8ba72e6ea5822eb128b,0x000000000000ad05ccc4f10045630fb830b95127,0,10828871717,10
0xbdd95abe8a7694ccd77143376b0fbea183e6a740,0x000000000000ad05ccc4f10045630fb830b95127,5.6559E+18,11152103209,10
0x7c17d8dfcfc5672df200acffe41fcd5c81252566,0x000000000000ad05ccc4f10045630fb830b95127,5.632E+17,10516468869,10
0x1277f5266dead289eb6ab3f97a866f5854feb33d,0x000000000000ad05ccc4f10045630fb830b95127,9.0988E+18,6797456035,10
0x4525342aee5e0864096c189bfe0018f13e48d1e9,0x000000000000ad05ccc4f10045630fb830b95127,5.71E+17,11613249591,10
0x6cfdad0772edc2ea15076a9706ec7c1f0a791ac1,0x000000000000ad05ccc4f10045630fb830b95127,8.799E+19,10993836479,10
0x5056a1b67bcc6656f4191e79f14ae1e4508156ab,0x000000000000ad05ccc4f10045630fb830b95127,1.533E+17,10256187740,10
0x13588fbe1ca4db24a0c1132b1b1763ceaa3e7d4c,0x000000000000ad05ccc4f10045630fb830b95127,5.24789E+19,16538016623,10
0x07646c79de3c4451bf73b322b199b9977cc0cd8d,0x000000000000ad05ccc4f10045630fb830b95127,4.0455E+19,9481914720,10
0xfd1b2c76d2f39c25bdd1e6a3fd1abc392f7b4792,0x000000000000ad05ccc4f10045630fb830b95127,9.1607E+17,6808955178,10
0xa66eff1127f7ec4006d5127ac6c6d2a8a911f04a,0x000000000000ad05ccc4f10045630fb830b95127,3.549E+17,6904460829,10
0xde52ff09ecac44ba59e652635059a3a307c33c9f,0x000000000000ad05ccc4f10045630fb830b95127,9.582E+17,10055349011,10
0xa0fe2486b4a9d860b9b246980a07f790e8fefd77,0x000000000000ad05ccc4f10045630fb830b95127,5.311E+17,18234685677,10
0x090163171b10380a980c529ffab38d8115dfa481,0x000000000000ad05ccc4f10045630fb830b95127,2.9109E+17,8665318264,10
0x4290ce4bbd7616a2d1f4dceecb4b1a6e24abce57,0x000000000000ad05ccc4f10045630fb830b95127,1.18708E+19,15670637952,10
0x277b46ced7f992433707694c63bfa5405fcab772,0x000000000000ad05ccc4f10045630fb830b95127,4.947E+17,11218913014,10
0x97b10f1d005c8edee0fb004af3bb6e7b47c954ff,0x000000000000ad05ccc4f10045630fb830b95127,6.8E+17,7583230059,10
0xa7c1d0cc164a812a67bd00f6979fc8f95a56e4f7,0x000000000000ad05ccc4f10045630fb830b95127,6.369E+17,9232987901,10
0x694e64d4ad77e0c234b7b1c55ac40302ad86ce3f,0x000000000000ad05ccc4f10045630fb830b95127,8.4E+16,14713762814,10
0xa68d61cc389fc895adcb1a70f12e7b91147451bf,0x000000000000ad05ccc4f10045630fb830b95127,2.984E+17,10031489921,10
0x871a185222966b2dde7c811117431a32ad3d166f,0x000000000000ad05ccc4f10045630fb830b95127,1.819E+17,10364806374,10
0x99303bd4c519115c94c080a80e3e771e503e5707,0x000000000000ad05ccc4f10045630fb830b95127,9.878E+18,6664029195,10
0x9fea0c2bf0115a65514697977976618a33e566ef,0x000000000000ad05ccc4f10045630fb830b95127,1.54E+18,8023397219,10
0x9f432a2964351a7830bd9ea10f65107677d73e04,0x000000000000ad05ccc4f10045630fb830b95127,1.8638E+18,8045260212,10
0x25659eefd7cae21566a257420bbcb0c8317ef94f,0x000000000000ad05ccc4f10045630fb830b95127,7E+16,9227782110,10
0x38835098a8accd046efa8123f9fcd5aaa2cb3a7e,0x000000000000ad05ccc4f10045630fb830b95127,9.19E+17,9222070602,10
0xfd3f1d1f95481f91404f2042855686d42bd8a07e,0x000000000000ad05ccc4f10045630fb830b95127,8.327E+17,9438927889,10
0xdbd23d1b459516b7414231b530a73e77d6fa3d8d,0x000000000000ad05ccc4f10045630fb830b95127,8.0658E+17,9532208056,10
0x9a4ca42bf43333406c9e3fe352afd684bd93f7ce,0x0000000000095413afc295d19edeb1ad7b71c952,0,8036999793,10
0x8521a885a796e020d175801272fd88f8bbffa666,0x00000000006c3852cbef3e08e8df289169ede581,1.363E+17,6671571290,10
0xf09b807cf18595f7848b3fb716333161516397b2,0x00000000006c3852cbef3e08e8df289169ede581,2.489E+17,7987647758,10
0x6bea09d715e9b89e2a083937ea957c1e6af6d3cf,0x00000000006c3852cbef3e08e8df289169ede581,5.529E+17,6351156379,10
0xbe502f3c548daeebcb0134c6f5ff82b71ac7bc72,0x00000000006c3852cbef3e08e8df289169ede581,2.553E+17,7777495585,10
0x2cab83e7318d99d1c54a1567a7be701948abbb2d,0x00000000006c3852cbef3e08e8df289169ede581,5.764E+17,7840500940,10
0x55fab7f8f64cd6bfeeaff5e2f487d4cf018d5a53,0x00000000006c3852cbef3e08e8df289169ede581,2.7592E+18,6461860886,10
0xb6a2208ec57110bdfb789d8c21cd86491e474a12,0x00000000006c3852cbef3e08e8df289169ede581,1.5483E+18,4232210961,10
0x6f4e3617db82be3aa2f470de50051f7b3f95be9b,0x00000000006c3852cbef3e08e8df289169ede581,3.908E+17,8274397337,10
0xabfb34151d5bef4f93191c9fb1b09edb5782b88e,0x00000000006c3852cbef3e08e8df289169ede581,1.6353E+18,5702778025,10
0xe14748c7476ad44d92e8c86a17af2922803356aa,0x00000000006c3852cbef3e08e8df289169ede581,1.448E+18,12893550837,10
0x27caf19324df0d9f202f46156111aa1f14569271,0x00000000006c3852cbef3e08e8df289169ede581,2.918E+17,4753058066,10
0x819152daeaccbe31604aa24382eb76ecab4643c4,0x00000000006c3852cbef3e08e8df289169ede581,6.4649E+17,12332177515,10
0xb16f9fab08b52f5250cfd126eb728f900d48b43f,0x00000000006c3852cbef3e08e8df289169ede581,4.59E+16,5000000000,10
0xaa72c2c62b076c0ae0c85b4c81d170c78b7f71b2,0x00000000006c3852cbef3e08e8df289169ede581,1.515E+17,10555542648,10
0xb5b75a6d9cc0f2591ea2681687c917d9da99b667,0x00000000006c3852cbef3e08e8df289169ede581,8.629E+17,10000000000,10
0xd28c01e5afbabd46af82a5c0f67186dc686c6f7e,0x00000000006c3852cbef3e08e8df289169ede581,1.11E+17,6742996951,10
0xf83abc519e046c5391d219fabf1a3c87dd5924d3,0x00000000006c3852cbef3e08e8df289169ede581,4.219E+17,6571386478,10
0x8b1dd48344de9922ac1f24b7563fc07ebaa00b20,0x00000000006c3852cbef3e08e8df289169ede581,3.041E+17,5462156479,10
0xe1ecf8ef96a4a01e1cb713321564530dc3165a8c,0x00000000006c3852cbef3e08e8df289169ede581,1.688E+18,11649008620,10
0x40730385d1ad81f39988a9992989310822fa4fbd,0x00000000006c3852cbef3e08e8df289169ede581,3.136E+17,13688785772,10
0x66f6794168b6e0c8a55a675ea262625304e755f7,0x00000000006c3852cbef3e08e8df289169ede581,4.2521E+17,6987901457,10
0xad5712b077e538ffec62626f539a16831bad5f98,0x00000000006c3852cbef3e08e8df289169ede581,5.60875E+17,10484813531,10
0x554dc4d438d5b025498b5b7d6b88e792af9aa32e,0x00000000006c3852cbef3e08e8df289169ede581,1.0966E+17,5588883211,10
0x816a4e43cf8fa3c1623f7a2574b8840349a293a8,0x00000000006c3852cbef3e08e8df289169ede581,1.22044E+17,12657391856,10
0x2c07681e81b5f98c615cd2dd807a1b141982914d,0x00000000006c3852cbef3e08e8df289169ede581,8.234E+17,5068260457,10
0x3fe25fb31f9e33938f2a530a298e995499879c5e,0x00000000006c3852cbef3e08e8df289169ede581,2.0579E+17,14846140198,10
0xf930b0a0500d8f53b2e7efa4f7bcb5cc0c71067e,0x00000000006c3852cbef3e08e8df289169ede581,5.9655E+18,12889972955,10
0x93f28d6476adc9e3b6263506a69aa3de696e3050,0x00000000006c3852cbef3e08e8df289169ede581,1.09266E+18,6227033360,10
0x58fe85134e6553ed24052fcf87f479d281614fd7,0x00000000006c3852cbef3e08e8df289169ede581,1.545E+18,4795016263,10
0xb87c48bdb1b74bfb7bdf57ee7eba54597c778599,0x00000000006c3852cbef3e08e8df289169ede581,1.32949E+18,4959564223,10
0x4c5287834576f7f1f3732fc2dddef2d2db3fea53,0x00000000006c3852cbef3e08e8df289169ede581,3.2523E+17,7914898393,10
0x60042ce11258a07e1bc6bd63983c6ee63e80c2dc,0x00000000006c3852cbef3e08e8df289169ede581,8.79033E+17,15000000000,10
0xedf301e9a5502537f121c5fb6fef4a8bd76951fa,0x00000000006c3852cbef3e08e8df289169ede581,990000000000000,9809973706,10
0x1cebe2bdbba77d30435abff2d248550023a2facd,0x00000000006c3852cbef3e08e8df289169ede581,2.476E+17,6128767983,10
0x6132b62ed5b80b842e9dc1b7999d0a8f9cf51441,0x00000000006c3852cbef3e08e8df289169ede581,1.919E+17,5000000000,10
0x1ac49b99ac9458093fde490a86aef6d9d340a8de,0x00000000006c3852cbef3e08e8df289169ede581,1.249E+18,6191406055,10
0xed414bab7568421a28a2e8b70244a1c3ffbb4616,0x00000000006c3852cbef3e08e8df289169ede581,4.989E+17,10529154823,10
0x0eee3a65abd51492ae9ac5c43046cfb9799cc66a,0x00000000006c3852cbef3e08e8df289169ede581,2.221E+18,8245977213,10
0x7929cdd05469227441cfe29aeff234653361b2fe,0x00000000006c3852cbef3e08e8df289169ede581,4.72E+16,13673860006,10
0x34a76b75402ce199754799c5aabfe5966d4775a8,0x00000000006c3852cbef3e08e8df289169ede581,5.628E+17,11799989477,10
0x71352efbb7df61ba553e9010700cdfc467d39b1e,0x00000000006c3852cbef3e08e8df289169ede581,3.99845E+17,9949165844,10
0x49c3feafddaefc3bed06f4ff87ce86610c2c1076,0x00000000006c3852cbef3e08e8df289169ede581,8.7149E+18,4933374065,10
0x85ed0b22b71d694eda6e5f679477023b09a1bf9a,0x00000000006c3852cbef3e08e8df289169ede581,2.795E+17,8375079268,10
0x93efdebd5958631d80d00a5e7ba6ff2f4c97dc20,0x00000000006c3852cbef3e08e8df289169ede581,2.546E+17,8241310017,10
0x562257821731283b842cf689df9941ddbec3a2a5,0x00000000006c3852cbef3e08e8df289169ede581,3.39187E+18,9723175365,10
0xdabd07d8f50e7212dec5d6eeec7af4e0e43ba452,0x00000000006c3852cbef3e08e8df289169ede581,5.1285E+17,4843797978,10
0xe2557bccca5970fee814726e2a4a5b9aa3e38758,0x00000000006c3852cbef3e08e8df289169ede581,2.235E+17,7303099697,10
0xc4b72816db9913a69d5a0af41b477b51c8f598d3,0x00000000006c3852cbef3e08e8df289169ede581,2.637E+17,8023439814,10
0x1fffc1d8d7e90c72c2738b1dd04833019eed63f5,0x00000000006c3852cbef3e08e8df289169ede581,2.338E+17,9905964222,10
0xbee694b72b2e9799d8890957bff5728b4c16b0bd,0x00000000006c3852cbef3e08e8df289169ede581,1.39215E+16,5251939557,10
0xcc6fdcbdeda713a9639c8f9c379e00dd5e0c4756,0x00000000006c3852cbef3e08e8df289169ede581,1.247E+17,5000000000,10
0x328032933da29294a778af69ae164e1fc6bf9c2f,0x00000000006c3852cbef3e08e8df289169ede581,1.4954E+17,6582168226,10
0x468945d3f2a8373bec1136967402da4ca0458248,0x00000000006c3852cbef3e08e8df289169ede581,1.215E+17,7778660942,10
0x242e99540f08558808015b9ecbd442c1bd4be7df,0x00000000006c3852cbef3e08e8df289169ede581,1.8474E+17,5000000000,10
0x965c9b2901634d80b368b056f80c6fa5cf9889ff,0x00000000006c3852cbef3e08e8df289169ede581,6.25178E+17,4734797125,10
0xc8123bae791f267f953e09d2eb50284514370b11,0x00000000006c3852cbef3e08e8df289169ede581,0,5596928693,10
0x57524efc73e194e4f19dc1606fb7a3e1dbf719b3,0x00000000006c3852cbef3e08e8df289169ede581,5.3635E+19,20773217142,10
0xebe01d1898b97644cacc9cf7913291515a5ae968,0x00000000006c3852cbef3e08e8df289169ede581,2.34269E+18,8281549829,10
0xf314c358d317363fb602ce5b877baa5c877ce641,0x00000000006c3852cbef3e08e8df289169ede581,1.4515E+17,8909339384,10
0xc8febe95fe0765e3deaac984d077cf86a40d612e,0x00000000006c3852cbef3e08e8df289169ede581,6.93646E+17,17295764761,10
0xc7876c8054c4a4264f559260362114bc1e06d415,0x00000000006c3852cbef3e08e8df289169ede581,9.248E+17,7041229570,10
0x7b1426d5c26fde907718f8ebb9d7aac2f3528ddc,0x00000000006c3852cbef3e08e8df289169ede581,1.0924E+18,10021106623,10
0x3cbe31e52972885826b01bcbd8a77859c3fa7655,0x00000000006c3852cbef3e08e8df289169ede581,9.2339E+17,6302884919,10
0xf52fd115c88c7d3850d1af84880c824020d0f789,0x00000000006c3852cbef3e08e8df289169ede581,4.212E+17,11399720600,10
0xbbcd80616a6b035509eaa9fdd542522882c6cb2f,0x00000000006c3852cbef3e08e8df289169ede581,8.54E+16,6778410197,10
0xf1ebfc2bc6647f3547f9638d3e6f7ccb60a3dc8b,0x00000000006c3852cbef3e08e8df289169ede581,4.25E+16,6066078956,10
0xcfde26f51a3f577579af9374734b54d7bf490b32,0x00000000006c3852cbef3e08e8df289169ede581,8.239E+17,7000000000,10
0x942f2d75e01fa5eaf9e127b22326c12311ac5bc1,0x00000000006c3852cbef3e08e8df289169ede581,3.138E+19,13472720169,10
0xd6a87b5b7228993e5d7972ce820f3b54290a0a9f,0x00000000006c3852cbef3e08e8df289169ede581,7.49434E+18,24280657661,10
0x1f3b00363a447c88a255ea329c3e8e96c8872196,0x00000000006c3852cbef3e08e8df289169ede581,1.406E+17,5990209006,10
0xfa99e52b4af299a8a00f16345007b3b4734b4015,0x00000000006c3852cbef3e08e8df289169ede581,3.2117E+17,4037678962,10
0xc7499c7896958e988bf76bc2f5b7d21e1fbf2ad6,0x00000000006c3852cbef3e08e8df289169ede581,3.32915E+17,7002138521,10
0xef528c12d521b5d7ea5c287b84c4ea682114a6d6,0x00000000006c3852cbef3e08e8df289169ede581,1.9319E+17,7087725787,10
0x6ca9d147e2f64e45b0bb4f83962f179f66c883ab,0x00000000006c3852cbef3e08e8df289169ede581,8.99E+17,5030808113,10
0x5cb4b081c610a9ea9951092ad3e9a64483de6462,0x00000000006c3852cbef3e08e8df289169ede581,2.709E+17,11436886032,10
0xf29a79c7b789332a447a637de580046592e3acf7,0x00000000006c3852cbef3e08e8df289169ede581,4.037E+17,7714640191,10
0xfc27e21ffa9f6d368946b6ba79b3e0857b2bea6b,0x00000000006c3852cbef3e08e8df289169ede581,1.8047E+18,4829577528,10
0xefba48f612e6a8b630027de1ac06c9d89385361f,0x00000000006c3852cbef3e08e8df289169ede581,2.156E+17,5052673475,10
0xb0b50b3b185a774f74e9e03c15f8dcea86bb63ed,0x00000000006c3852cbef3e08e8df289169ede581,2.184E+17,11967542100,10
0xc7062f13cc17a6ee5bef82194f088a77e2ec54f7,0x00000000006c3852cbef3e08e8df289169ede581,1.0324E+17,5000000000,10
0x57dce105163ea59a317c0a408540455e6e001b55,0x00000000006c3852cbef3e08e8df289169ede581,1.1293E+19,7749169430,10
0xb7342512519043ee3c36e8712219ca0e775c4ae8,0x00000000006c3852cbef3e08e8df289169ede581,9.6047E+16,5278301483,10
0x9f93845b2b2508d8207ccf1eff7dd4eb5244f691,0x00000000006c3852cbef3e08e8df289169ede581,5.1E+16,4711339098,10
0xcaca37d5a3e4457c7ad3b7df2b0301fc294b4c90,0x00000000006c3852cbef3e08e8df289169ede581,3.288E+17,12516857500,10
0x859902bc140e5d4ed3295c859d4cd4f616c7141f,0x00000000006c3852cbef3e08e8df289169ede581,9.051E+16,4950459065,10
0x8dfa76a3e8f290e6224b93beba163b90449b0e38,0x00000000006c3852cbef3e08e8df289169ede581,1.4232E+18,5656713540,10
0x96b184372cda0093299dc7561213722f9cc96869,0x00000000006c3852cbef3e08e8df289169ede581,1.8109E+18,8021948065,10
0x386effee362d60d888aa0aa037b0e261f2c7eb99,0x00000000006c3852cbef3e08e8df289169ede581,8.49E+15,6173345975,10
0x40c8cef5dac8e6d0e4e11d1856c155fc4ee31046,0x00000000006c3852cbef3e08e8df289169ede581,4.32299E+18,6285151139,10
0xbd101fffac618cc704f005315143dd63b445c5e7,0x00000000006c3852cbef3e08e8df289169ede581,2.5887E+18,12326494196,10
0xf7042b4ff109f0848c523c8bb90063c35a2b91f1,0x00000000006c3852cbef3e08e8df289169ede581,7.15E+16,5695172197,10
0xa9654c135b2ec72d59209a5397f1302a753c9f17,0x00000000006c3852cbef3e08e8df289169ede581,6.299E+16,7647364182,10
0xd6fc385c310b69c80dd1c553f935ce060f9b05b9,0x00000000006c3852cbef3e08e8df289169ede581,45000000000000,8575203661,10
0x9d0bfe51417ac1fa696457a695893e959b7d536a,0x00000000006c3852cbef3e08e8df289169ede581,1.33949E+18,14560713425,10
0xf284745f89916a1710ef4c26ff4fff20528cc486,0x00000000006c3852cbef3e08e8df289169ede581,0,12722293551,10
0xf7199c92e84167b8c6cc09cb835ace3ee9bff882,0x00000000006c3852cbef3e08e8df289169ede581,2.735E+17,10204303769,10
0xaf9114785d8ec810902407b75ad86ac76092af2c,0x00000000006c3852cbef3e08e8df289169ede581,0,9922506026,10
0xa4d39af553144b9905d5d4918d7539137b218386,0x00000000006c3852cbef3e08e8df289169ede581,2.512E+17,8861365233,10
0x3b7639514bca10221f1b321e7c6362f50e7dd977,0x00000000006c3852cbef3e08e8df289169ede581,3.477E+17,5042309589,10
0x737dc29bd8790982105a3040181779544c6fa3e4,0x00000000006c3852cbef3e08e8df289169ede581,3.618E+17,6135941536,10
0x3a5bc2558c7df30005507eb2ef542c1bb000aa62,0x00000000006c3852cbef3e08e8df289169ede581,1.61371E+17,9566220614,10
0x7f97b481951c629e27dee9c6de46e0674ed35b58,0x00000000006c3852cbef3e08e8df289169ede581,1.95625E+17,5641477506,10
0x04b98dc3b9fe0c5bb6c47df76a73f7558933e0d8,0x00000000006c3852cbef3e08e8df289169ede581,4.07E+17,8285669234,10
0x86d9dc3975d01509d5c8cc687d29ace91673e50e,0x00000000006c3852cbef3e08e8df289169ede581,4.0049E+17,4871196814,10
0xf569e3fa4b61b25671e8b015a0dfef3012117a41,0x00000000006c3852cbef3e08e8df289169ede581,4.579E+17,9137343885,10
0x6e78892aaf4d32f1a9f4915e60530665fa5ea354,0x00000000006c3852cbef3e08e8df289169ede581,1.1E+17,6554954320,10
0x138646bdb2ed269bb8b399d491874dfd8a70d3dc,0x00000000006c3852cbef3e08e8df289169ede581,3.379E+17,11927600922,10
0x8d934132f7275057845d0278baa34e3eab519867,0x00000000006c3852cbef3e08e8df289169ede581,1.83979E+17,7604249275,10
0xdf6cbcfb23dedd2ef33f4c50d1fa96487865843d,0x00000000006c3852cbef3e08e8df289169ede581,8.8E+16,5731541703,10
0x456680352f89dab1ef6aa0a52fdf5b89bd2753b6,0x00000000006c3852cbef3e08e8df289169ede581,2.668E+17,6619226554,10
0x092de785d1892b1556346f33ab44a203205b0816,0x00000000006c3852cbef3e08e8df289169ede581,2.795E+17,5073250065,10
0xb5d36ed9100e498e16aab0bfb5d73d6902366977,0x00000000006c3852cbef3e08e8df289169ede581,1.0602E+17,4521229478,10
0xad47e9d28103d74e94ac5a36ecdbdcc573b5a393,0x00000000006c3852cbef3e08e8df289169ede581,1.036E+17,11543051293,10
0xe11bf8c9d4fd0dec48f0c8e54c7083f3fed8ee5c,0x00000000006c3852cbef3e08e8df289169ede581,2.678E+18,6966879733,10
0x1f03300bda72756436d5547d4ba0a15e22039b6b,0x00000000006c3852cbef3e08e8df289169ede581,1.65E+18,10330466141,10
0x9ad247cfead80a440c42555a0b412c44727f012e,0x00000000006c3852cbef3e08e8df289169ede581,1.3293E+18,7536123389,10
0xe5bf03ca19cde1a04ff8755e0af83f34d7099d5c,0x00000000006c3852cbef3e08e8df289169ede581,1.37199E+17,5197998055,10
0xd4e37828e70075415fa7c949c880d022a0c5bde9,0x00000000006c3852cbef3e08e8df289169ede581,3.4637E+18,7957840447,10
0xcdbd8aec88a3c782c4b72e5ebd467b4e466150aa,0x00000000006c3852cbef3e08e8df289169ede581,1.262E+18,9115960500,10
0xae1a964437440b20275b7e5775662c4e7d869289,0x00000000006c3852cbef3e08e8df289169ede581,2.16E+16,7207905492,10
0xd537a2b2b97d104f2d9c7a84377fc11573629085,0x00000000006c3852cbef3e08e8df289169ede581,2.06E+18,7036005500,10
0xed4ebcd8d790824708e16ced47aa508887a4328d,0x00000000006c3852cbef3e08e8df289169ede581,1.1E+17,8476852587,10
0x3a14ea8cc6b64951ce31037ae32be9caa9815e8e,0x00000000006c3852cbef3e08e8df289169ede581,2.3707E+18,11315209779,10
0x39da6abef019d86d7db775758c92a99e00c7a985,0x00000000006c3852cbef3e08e8df289169ede581,9.984E+16,6221724641,10
0xc3e0205c881ab19ac5c46fcdb52629cf79ceb9cd,0x00000000006c3852cbef3e08e8df289169ede581,7.63E+16,9000000000,10
0x76881c1d4e06eb51303fc7a10b7cd47f171c5fca,0x00000000006c3852cbef3e08e8df289169ede581,1.383E+18,13221762777,10
0xbd8ecfbb27baf0b56268f96d1d294556a150bab6,0x00000000006c3852cbef3e08e8df289169ede581,2.226E+17,7114675240,10
0x5d8d277eb3d552edc661e5a8073e40eb128454fb,0x00000000006c3852cbef3e08e8df289169ede581,4E+15,25733045365,10
0x211bde309f20ef784bef23efa1a4063643654e4f,0x00000000006c3852cbef3e08e8df289169ede581,8.49949E+17,5000000000,10
0x62f3215e3b823c5d3fd8d791d270625ef617538e,0x00000000006c3852cbef3e08e8df289169ede581,2.598E+17,6086145632,10
0x70e5a42039a8312f005412e2017e5a00966cbd93,0x00000000006c3852cbef3e08e8df289169ede581,4.909E+17,6282924907,10
0xf0bc7bd443fc984f0e63f07b912c3884e6ccd0a7,0x00000000006c3852cbef3e08e8df289169ede581,5.3272E+17,5233740235,10
0xd988db14e984dc1383f43a76252284895e90eedb,0x00000000006c3852cbef3e08e8df289169ede581,0,6007574516,10
0x726523bd631df37fadd1d30cee5aedb94d45e350,0x00000000006c3852cbef3e08e8df289169ede581,1.33E+17,16328811296,10
0x02ed9e9af93285250f2f5bea8fcd43742bda7812,0x00000000006c3852cbef3e08e8df289169ede581,4.931E+16,5256328393,10
0x6acb80cc234bad4335cd48f287f11a827581e07a,0x00000000006c3852cbef3e08e8df289169ede581,6.395E+17,8403004846,10
0x74fa1be357bc182c88ba77e771a5502e2b271f1b,0x00000000006c3852cbef3e08e8df289169ede581,4.79E+16,8589344940,10
0x7610f0c820f02314984a3ddfb236e4bf647009d4,0x00000000006c3852cbef3e08e8df289169ede581,0,13381122334,10
0x16d929714bd4c40c423543d44c02313912cc3c31,0x00000000006c3852cbef3e08e8df289169ede581,2.362E+17,10585449070,10
0xd09a70e83b784bbb781a31d0c0f51be81998f440,0x00000000006c3852cbef3e08e8df289169ede581,1.517E+17,5000000000,10
0x0b2043eadeeb3ae2786dad92e6ad384409ef6c13,0x00000000006c3852cbef3e08e8df289169ede581,1.58989E+18,4391589862,10
0x6a037b9b16a88bcae5614d5221991b423e90a315,0x00000000006c3852cbef3e08e8df289169ede581,7.7178E+16,7965325107,10
0x1c2d7547e119d5867a26657daf669f61efa84d36,0x00000000006c3852cbef3e08e8df289169ede581,7.172E+16,7280560725,10
0xed8d9d737ea41a24f9d564dee911a278e594d3ab,0x00000000006c3852cbef3e08e8df289169ede581,1.958E+17,5141567621,10
0x956bd536f309d14f993c0b16b0a048a6dda2eccb,0x00000000006c3852cbef3e08e8df289169ede581,9.64E+16,4437142523,10
0xae23993593bbb0dee9a99da0bd8fd885ffd9deb0,0x00000000006c3852cbef3e08e8df289169ede581,9.28E+16,7549772397,10
0xe118f9fc541b0a39d5de674492a2c30eaeab7089,0x00000000006c3852cbef3e08e8df289169ede581,1.3219E+18,12728627467,10
0xf214386058d1e1ae3e1d0dfd10c5b03c6691670e,0x00000000006c3852cbef3e08e8df289169ede581,4.40476E+17,7214234098,10
0xc0dd880193e4d219c30d69d0806ce2720a77b231,0x00000000006c3852cbef3e08e8df289169ede581,4.672E+17,4831587940,10
0x2b3d5cdfa0c5db68f952ed39ea767fe4eae9540d,0x00000000006c3852cbef3e08e8df289169ede581,9.165E+18,4659800231,10
0x19c9fd892967f3a9c26a130ac5fd45a3fc573da8,0x00000000006c3852cbef3e08e8df289169ede581,2.189E+17,13133065261,10
0x95cb432823277abeb69d13cac2d329eefe92bfe9,0x00000000006c3852cbef3e08e8df289169ede581,2.6275E+17,5126491140,10
0xf37ff9b33c884d8da0775d8827f0b0444dbe4a99,0x00000000006c3852cbef3e08e8df289169ede581,2.407E+17,8552257792,10
0xe72eb31b59f85b19499a0f3b3260011894fa0d65,0x00000000006c3852cbef3e08e8df289169ede581,3.8198E+18,6510224145,10
0x1120cc76b931cc41cecf38af7dfcad39d6d641f8,0x00000000006c3852cbef3e08e8df289169ede581,4.3203E+17,14024800620,10
0x6320e8664ef97c73d482814f125f2a7603bb6149,0x00000000006c3852cbef3e08e8df289169ede581,1.99088E+17,11071131281,10
0xa863eb34ec473cae2ab017c804e03318a2a82e9b,0x00000000006c3852cbef3e08e8df289169ede581,7.779E+17,10313675627,10
0x1d2259c07dfc2712f35ba8d5333f6ba85965d359,0x00000000006c3852cbef3e08e8df289169ede581,1.649E+17,5908229275,10
0x04cba99bf19958470d03be77fd1936c1ac73784d,0x00000000006c3852cbef3e08e8df289169ede581,5.445E+17,4452470698,10
0xf14274237c7f039fcc7e08546a5e9726e8e2d888,0x00000000006c3852cbef3e08e8df289169ede581,1.4176E+18,6356534573,10
0x3ff146c0142c6ac4102d776505211f51e6c5368c,0x00000000006c3852cbef3e08e8df289169ede581,1.048E+18,5980097186,10
0x265e8eb84d0dcba69dadc59d63ece02b6006b84c,0x00000000006c3852cbef3e08e8df289169ede581,1.004E+18,10843477194,10
0xe99c714d1d649f3dada0202d4728e1c424730b74,0x00000000006c3852cbef3e08e8df289169ede581,5.57922E+17,6602165416,10
0xf8e9942da943c993d35e8cb9a65ec92474f4cbc1,0x00000000006c3852cbef3e08e8df289169ede581,3.57199E+17,11330341371,10
0xee8df38386aa85be55fdf1460a61d656c51a5e3b,0x00000000006c3852cbef3e08e8df289169ede581,1.0181E+17,7481608893,10
0xdc1e8e9eac1f3d16fde36f9c85c99e469f93dd1d,0x00000000006c3852cbef3e08e8df289169ede581,2.2176E+18,7411953992,10
0xeb96efc429d44dc5d0e78c0814a208f967c83dc4,0x00000000006c3852cbef3e08e8df289169ede581,2.165E+18,14069228984,10
0x7490c6b2207bbaad46f692928194242a6f296630,0x00000000006c3852cbef3e08e8df289169ede581,5.0868E+18,9132519489,10
0x72fe928f22455084abb2e77bd37dfc8433d7a923,0x00000000006c3852cbef3e08e8df289169ede581,4.9E+17,5669463703,10
0x90e42fa8351e93fbad25dab071255156c430db33,0x00000000006c3852cbef3e08e8df289169ede581,3.7999E+16,15879165709,10
0xac1b08d089722144111d06da308e50b9c0707417,0x00000000006c3852cbef3e08e8df289169ede581,4.967E+18,7373867135,10
0xdd8cec8e308f10464a4f9eeadafa2966631c2b0a,0x00000000006c3852cbef3e08e8df289169ede581,5.3619E+17,8017157539,10
0x8586f84717710939158c22fb23a73a2d24ca4627,0x00000000006c3852cbef3e08e8df289169ede581,5.05016E+16,4641066481,10
0xd02257c26517c4657c67eba19951fea15631c789,0x00000000006c3852cbef3e08e8df289169ede581,0,18312565446,10
0x9170f4fa44638b6d63f153b2d4c7a4368d04272a,0x00000000006c3852cbef3e08e8df289169ede581,3.456E+17,5696351687,10
0xd6409d0f2457791e9aa5f8d92aeb64da2bb4b0cf,0x00000000006c3852cbef3e08e8df289169ede581,4.0584E+18,9175097434,10
0xb65e6aa60a7abb93ca4acc15dfd2e81be5ac5eac,0x00000000006c3852cbef3e08e8df289169ede581,6.0319E+17,9000000000,10
0xfae96f816876ae1bbec61a810a4f8c033303f206,0x00000000006c3852cbef3e08e8df289169ede581,1.368E+17,6123595263,10
0x42ebba25ba063d78839913005e628dbc03ae4212,0x00000000006c3852cbef3e08e8df289169ede581,1.078E+17,7179137607,10
0xf04dd9bc2953ee64b950a11828037f14cd84857e,0x00000000006c3852cbef3e08e8df289169ede581,1.314E+18,10785340940,10
0x37009f9ae9dcc0a6d59204e1aeaf9da4968caec8,0x00000000006c3852cbef3e08e8df289169ede581,6.703E+18,5977356200,10
0x5d95baebb8412ad827287240a5c281e3bb30d27e,0x00000000006c3852cbef3e08e8df289169ede581,4.87006E+19,6460667671,10
0x493291f3ed253c103854351affc3ae89f275b473,0x00000000006c3852cbef3e08e8df289169ede581,2.099E+17,5898878056,10
0x23de05d1ba1021f71972d473bdaaa573c4b49127,0x00000000006c3852cbef3e08e8df289169ede581,3.2883E+17,8073602600,10
0x117057abc4ac5674ea9a3b8f4b02ea37e3a2dd49,0x00000000006c3852cbef3e08e8df289169ede581,2.169E+17,11601816945,10
0x1db8cec74589448f3e427b2d7f90e7d7e13f0927,0x00000000006c3852cbef3e08e8df289169ede581,0,9136976861,10
0x51787a2c56d710c68140bdadefd3a98bff96feb4,0x00000000006c3852cbef3e08e8df289169ede581,2.24286E+19,6355448753,10
0xf273ea48f1e5b27673c456b261d6324322beddde,0x00000000006c3852cbef3e08e8df289169ede581,6.489E+17,8972296151,10
0x7a191b38d87dd2becaa24d90cd7731ba879e722a,0x00000000006c3852cbef3e08e8df289169ede581,3.6355E+17,6337528968,10
0x10713cf63a5cbd1183ef2d8c9a8d3192984e8126,0x00000000006c3852cbef3e08e8df289169ede581,1.4321E+18,6473527100,10
0x25e386c1b755f9494decda12f7e61c05f52f923a,0x00000000006c3852cbef3e08e8df289169ede581,3.712E+17,7673429331,10
0x66356dda220e0b62f79fc4e973450bd998f31789,0x00000000006c3852cbef3e08e8df289169ede581,5.296E+17,6182814757,10
0xd7d1c6484e4b8b3c09c7b9ca8722aa52b0046c12,0x00000000006c3852cbef3e08e8df289169ede581,1.0523E+18,20097019050,10
0x26bddfa0242d55574792f5a56558e784c0a01446,0x00000000006c3852cbef3e08e8df289169ede581,2.42299E+17,6187061550,10
0x17e5a662b373673475c51b6db9d79bd291dce573,0x00000000006c3852cbef3e08e8df289169ede581,2.1521E+17,11125455393,10
0xdd7281e5042a101b9bc03b250c31d993817b2216,0x00000000006c3852cbef3e08e8df289169ede581,2.534E+17,8749087602,10
0xe27e3e68a9fdfe53de232104b8038d7c81a7239c,0x00000000006c3852cbef3e08e8df289169ede581,3.766E+17,6288414420,10
0x93a08814812bd628b1a432a46bf256644dde8906,0x00000000006c3852cbef3e08e8df289169ede581,7.567E+17,4222920525,10
0xdc490d26fc0f48d4a39eda08808ce92b48a59f97,0x00000000006c3852cbef3e08e8df289169ede581,6.538E+17,7924034515,10
0xe215cabe3e0e598a4f4b5de954088689a95c7420,0x00000000006c3852cbef3e08e8df289169ede581,6.847E+17,16144426817,10
0x1e88afe20186f40b1477a5afb1b1fd58475ba8ba,0x00000000006c3852cbef3e08e8df289169ede581,1.07108E+18,27825157636,10
0x9820c366ad2a0b77bffe9239634e377b871ffbd9,0x00000000006c3852cbef3e08e8df289169ede581,5.6301E+17,10128491019,10
0xaa6b335b960ab5ad924760e66940e485f83d192e,0x00000000006c3852cbef3e08e8df289169ede581,5.483E+17,4444161620,10
0x8cc88b7af4c118a8243b275484838907f5fa75c3,0x00000000006c3852cbef3e08e8df289169ede581,2.912E+17,5457221696,10
0xd22125cb225f39fe6aa0c16afe6b75872a3529d1,0x00000000006c3852cbef3e08e8df289169ede581,2.3771E+18,12586910816,10
0x1c20b756f320f5d9b76cdfb35480858c0a9c2fc9,0x00000000006c3852cbef3e08e8df289169ede581,4.605E+17,7000000000,10
0xc834b765afe7cb71be86b87e617504dab308f803,0x00000000006c3852cbef3e08e8df289169ede581,4.298E+17,7329064710,10
0xb19b607d5fc4ac3266d47e0ca980ba9095ef0883,0x00000000006c3852cbef3e08e8df289169ede581,3.05E+16,5134834002,10
0x4494dd5c7aa938e6536dbc38ad70ae7ec1b0e5a0,0x00000000006c3852cbef3e08e8df289169ede581,1.256E+17,11133069100,10
0xfcf67cf08a89b8b3c71835e3d7923bad8f592434,0x00000000006c3852cbef3e08e8df289169ede581,1.139E+18,14350662079,10
0x5006aa32f8726bb633fb1780da283c93f6e9a1d0,0x00000000006c3852cbef3e08e8df289169ede581,6.35867E+18,11525057340,10
0xadd8bf4cb016eaf15ea21942765d2c655f4f6f1a,0x00000000006c3852cbef3e08e8df289169ede581,2.828E+17,7721729826,10
0xf7fe3192370c12c08f41a3b2e013f853b64f68f2,0x00000000006c3852cbef3e08e8df289169ede581,8.73E+16,8603826290,10
0x8fb9afdcc074599d86327b731f47ffa5375823a9,0x00000000006c3852cbef3e08e8df289169ede581,2.11199E+17,7074044115,10
0x89ae6eb6ed9397f4501ccb6e9e7d982d8babe21b,0x00000000006c3852cbef3e08e8df289169ede581,6.628E+17,5708544378,10
0x26c9bb632d4f6a5526fb331bc8e31567cc0bacbe,0x00000000006c3852cbef3e08e8df289169ede581,5.179E+16,4500000000,10
0xaf29ab7418516cc3f22e609dc783d75864ab545a,0x00000000006c3852cbef3e08e8df289169ede581,7.151E+16,6679137607,10
0x95a97387fa53052c38d66759167d07cb3861a1ec,0x00000000006c3852cbef3e08e8df289169ede581,5.17911E+17,6837906712,10
0xfe035fc4f67914cde405bbe94e700a1c13badca2,0x00000000006c3852cbef3e08e8df289169ede581,3.4717E+17,9571452083,10
0xfcb4cf5ea91dc8a59fb0ae575bab599cfbd8ea5c,0x00000000006c3852cbef3e08e8df289169ede581,2.18499E+18,16122724956,10
0xe71250b9a458bec877e203890da534b94d32b3fd,0x00000000006c3852cbef3e08e8df289169ede581,2.66999E+17,14674353617,10
0xa661863f29b5e5eaca41c9d555ba6cd16665b37d,0x00000000006c3852cbef3e08e8df289169ede581,7.68E+17,13932388976,10
0xa34d6ce0e9801562e55c90a3d0c7a1f8b68287ff,0x00000000006c3852cbef3e08e8df289169ede581,5.2578E+18,4440839723,10
0x3848a2e8afbaf900b93aabd9f6173f5dcb88216a,0x00000000006c3852cbef3e08e8df289169ede581,2.133E+17,13142055990,10
0x3e2e4a4d94c47163c5887308213bad6c1abf5d17,0x00000000006c3852cbef3e08e8df289169ede581,6.769E+17,8598075033,10
0x69ff4ca5d2e9eaae7443267124655af98073b666,0x00000000006c3852cbef3e08e8df289169ede581,1.965E+17,8736276185,10
0x0888a60957b55e4c23e66852a0d17290e7ced7e1,0x00000000006c3852cbef3e08e8df289169ede581,1.296E+17,8086519494,10
0xb574ed0fb7bcc71eef5070c2bf75606b9034a42a,0x00000000006c3852cbef3e08e8df289169ede581,3.7279E+16,11480800125,10
0xb6650c5675fdef1498d3965973cd9fe598baf843,0x00000000006c3852cbef3e08e8df289169ede581,2.209E+17,9400700376,10
0xaac2260b5950a27595cf0fbde6c188a0937593da,0x00000000006c3852cbef3e08e8df289169ede581,1.09756E+17,6544233581,10
0xa553da0483f7a84320250abd59f37fe3672fa994,0x00000000006c3852cbef3e08e8df289169ede581,2.801E+17,4284680668,10
0xcc87ecfe89353155525f9ae3d7f026d9b42379b9,0x00000000006c3852cbef3e08e8df289169ede581,7.737E+17,8615765634,10
0x6270d239ac3dd7ba9192367e50780031c82c6be1,0x00000000006c3852cbef3e08e8df289169ede581,1.7271E+18,8196536682,10
0xd060e4600bac7bec661a1992a67c1d6a9c742837,0x00000000006c3852cbef3e08e8df289169ede581,4.105E+17,5249779221,10
0x166580f9f70928f49e312dc11c12d014f66583dd,0x00000000006c3852cbef3e08e8df289169ede581,4.788E+17,5730748334,10
0xf1eeca8fc61af3ae0930dfcf71db4f5e03e194ca,0x00000000006c3852cbef3e08e8df289169ede581,4.501E+17,4724809507,10
0x938a49e24fd7a26149dd537019078d8a8f919290,0x00000000006c3852cbef3e08e8df289169ede581,3.002E+17,8846554996,10
0x35aa3f733958b7416669303945093c98819f77a6,0x00000000006c3852cbef3e08e8df289169ede581,2.1892E+18,12210443150,10
0xbe29f061ebcdf299c62d9e1ea2281cdd00920991,0x00000000006c3852cbef3e08e8df289169ede581,1.65668E+17,5349015401,10
0x20e44fccfefc2215e8ffa6cd9cbddd6eaafdb999,0x00000000006c3852cbef3e08e8df289169ede581,8.1299E+17,11277676251,10
0x3ba34dcb15246cdb41d3c40bed867650a0853877,0x00000000006c3852cbef3e08e8df289169ede581,5.3167E+17,14061802650,10
0x4f767b1ea9620e31844126a6b94ec069e327f01c,0x00000000006c3852cbef3e08e8df289169ede581,2.683E+17,8280415893,10
0x1167f28a1c4e20156e6cb9bf0499f93040f6625f,0x00000000006c3852cbef3e08e8df289169ede581,2.077E+17,5711429372,10
0x061d98238d10b91ef778f7f2d7e1a59954687d99,0x00000000006c3852cbef3e08e8df289169ede581,4.20867E+18,5872036099,10
0x1dd2542ad6187024064b08ed3fcb076021bd22c0,0x00000000006c3852cbef3e08e8df289169ede581,2.4E+17,5594416614,10
0x83e8708aba59195bbb2c7fcaa83af1c536d37b25,0x00000000006c3852cbef3e08e8df289169ede581,1.112E+18,10295104072,10
0x11caf61b930fc1a0ee6e40f736ff13229d00e8cf,0x00000000006c3852cbef3e08e8df289169ede581,1.73089E+17,19381454196,10
0xd3d0c000d6e1a3b04ce009dd598f454ebffba3df,0x00000000006c3852cbef3e08e8df289169ede581,1.2278E+17,8717767182,10
0x03538da01129854f8f9c8cc354b15594d062402b,0x00000000006c3852cbef3e08e8df289169ede581,8.589E+16,7489441950,10
0x1f6a939584721f487cef15b8b115825ce4d77d66,0x00000000006c3852cbef3e08e8df289169ede581,1.8E+16,13839590661,10
0x7259a22adda6ad942b6effc95a516f30a493b661,0x00000000006c3852cbef3e08e8df289169ede581,2.80477E+17,4357712755,10
0x3e6a10c18b53c0c603f67ecb47266e849d923eed,0x00000000006c3852cbef3e08e8df289169ede581,1.957E+17,6243630047,10
0x9e8c5af98bab650db1dfdace73a387f2137965de,0x00000000006c3852cbef3e08e8df289169ede581,4.9499E+16,6264776159,10
0x3caec76d2daa72b4f721c989c067ca0b14f81647,0x00000000006c3852cbef3e08e8df289169ede581,7.6349E+16,6004165882,10
0x3188973471200df1da427c20d8f1ebd48ac70b3c,0x00000000006c3852cbef3e08e8df289169ede581,3.795E+17,6637035201,10
0x51028dca6298babc41139dadf3363ab587e91016,0x00000000006c3852cbef3e08e8df289169ede581,5.96E+18,5104277395,10
0xdb719ff7d7f63c5c497c0de43f4e91bc497fd56c,0x00000000006c3852cbef3e08e8df289169ede581,2.152E+18,5148350866,10
0x800369f4efbb886717d3cff984446494c90146a4,0x00000000006c3852cbef3e08e8df289169ede581,4.91E+16,7732697451,10
0xec501b18fddd1e6478221eaa8b1a38f7aa087c82,0x00000000006c3852cbef3e08e8df289169ede581,1.0354E+18,7000000000,10
0x959cb1897c18d4be61f365eb25893e0cdbb21401,0x00000000006c3852cbef3e08e8df289169ede581,4.90256E+18,5915242721,10
0xb55d17a1e777bb1c4ea2383569cc5760166246a3,0x00000000006c3852cbef3e08e8df289169ede581,2.5329E+17,6543193101,10
0x88f115779a78403d81d140cb39e815bff4253537,0x00000000006c3852cbef3e08e8df289169ede581,1E+16,6017728837,10
0x1de0aaad787059fb5fa5998a069ab545bdd24673,0x00000000006c3852cbef3e08e8df289169ede581,6.3E+16,8681797868,10
0xbe63785d994efa22b4c08d8f54b0e1e4bb5386d2,0x00000000006c3852cbef3e08e8df289169ede581,4.06E+17,11456344874,10
0x187022f33b178d17d1369fb0b82115b6415cfdc4,0x00000000006c3852cbef3e08e8df289169ede581,3.903E+17,10742257760,10
0xdf28cc8f176dc5154ae9d862cb5462322d46bc08,0x00000000006c3852cbef3e08e8df289169ede581,8.182E+17,11667047887,10
0x90c5c5affe4a64611ac677fe4981481d16d2ee21,0x00000000006c3852cbef3e08e8df289169ede581,5.85E+16,11923785328,10
0x9caccb27a8d7f3cd119c5283ead042f5f32a3982,0x00000000006c3852cbef3e08e8df289169ede581,1.62912E+17,5546863072,10
0xa3f2d88fb722d4f2a082edbf98354b81dc34829e,0x00000000006c3852cbef3e08e8df289169ede581,8.5231E+18,6197184179,10
0xf860a6e476e7c17491f4e278fc7df84a185d771a,0x00000000006c3852cbef3e08e8df289169ede581,0,6311304951,10
0x50d295ef0d437fa2038c1b5253138532883103c4,0x00000000006c3852cbef3e08e8df289169ede581,5.79E+16,9199043854,10
0x0f9c032574b1799d1cd482c052cf5966b802edae,0x00000000006c3852cbef3e08e8df289169ede581,1.37E+17,13790172726,10
0x540bbf6a9e195398802f42552b3089dee5d7af60,0x00000000006c3852cbef3e08e8df289169ede581,1.17E+16,4482756661,10
0x605fbdd3d2e9ba4966222748332a4137ed2ddee9,0x00000000006c3852cbef3e08e8df289169ede581,1.76192E+17,7479054395,10
0x34be775b18201b6b836c3b8972062f74eca84d2e,0x00000000006c3852cbef3e08e8df289169ede581,1.275E+18,5236442995,10
0x7681a1fb625f0ae1f7337b9d5922fa834bfa1f4b,0x00000000006c3852cbef3e08e8df289169ede581,1.1744E+18,5007332089,10
0x58e6e4315e91c74cf66e2c8ea92e7fd018bfac2a,0x00000000006c3852cbef3e08e8df289169ede581,3.55022E+17,7484637770,10
0xb4d70617c0b97f9fc3c2d1987ef61976485bae0c,0x00000000006c3852cbef3e08e8df289169ede581,3.3665E+17,12641527736,10
0xf6e0ccbfea6405e3d6773c218c58c4273b602dba,0x00000000006c3852cbef3e08e8df289169ede581,5.977E+17,9881964145,10
0x1770c692db5f54a642f7f0b96541e92f37fd7454,0x00000000006c3852cbef3e08e8df289169ede581,3.9271E+18,7308851381,10
0xfb9fc18028e4a89e3fba6d8931f522efd4c385b9,0x00000000006c3852cbef3e08e8df289169ede581,2.7761E+18,9117491008,10
0xcd9d728194f21a4acde2dc943caadf61868f82f1,0x00000000006c3852cbef3e08e8df289169ede581,9.06307E+17,9649373533,10
0xb390353fa8eb0a8b82a790576ac1507400e06563,0x00000000006c3852cbef3e08e8df289169ede581,3.842E+17,4952795853,10
